feature_name,feature_type,correlation_with_target
age,int64,0.1592050068657792
nombre_experiences_precedentes,int64,0.043493739057813625
nombre_heures_travailless,int64,
annee_experience_totale,int64,0.17106324613622614
annees_dans_l_entreprise,int64,0.13439221398997675
annees_dans_le_poste_actuel,int64,0.16054500426770077
satisfaction_employee_environnement,int64,0.10336897833793582
note_evaluation_precedente,int64,0.13001595678605318
niveau_hierarchique_poste,int64,0.16910475093102667
satisfaction_employee_nature_travail,int64,0.10348112606902085
satisfaction_employee_equipe,int64,0.04587227888112602
satisfaction_employee_equilibre_pro_perso,int64,0.06393904721740896
note_evaluation_actuelle,int64,0.002888751711080899
nombre_participation_pee,int64,0.13714491893332553
nb_formations_suivies,int64,0.05947779855642029
nombre_employee_sous_responsabilite,int64,
distance_domicile_travail,int64,0.07792358295570354
niveau_education,int64,0.031372819640049246
annes_sous_responsable_actuel,int64,0.15619931590162864
salary_increase_pct,float64,0.013478202057439121
heure_supplementaires_binary,int64,0.2461179942458024
ayant_enfants_binary,int64,
years_in_position_ratio,float64,0.13032402719173294
experience_before_company,int64,0.0821466501080059
salary_per_experience,float64,0.09773142040036721
recent_hire,int64,0.21116467543593034
performance_stable,int64,0.05569511084803839
satisfaction_mean,float64,0.1590915457462974
satisfaction_std,float64,0.08838202327023091
low_satisfaction,int64,0.14750337106511324
long_commute,int64,0.06480091658426579
training_per_year,float64,0.1329080175173961
no_training,int64,0.061894406973909424
overdue_promotion,int64,0.04367068894736383
never_promoted,int64,0.1139328747885276
genre_M,bool,
statut_marital_Divorcé(e),bool,
statut_marital_Marié(e),bool,
departement_Consulting,bool,
departement_Ressources Humaines,bool,
poste_Cadre Commercial,bool,
poste_Consultant,bool,
poste_Directeur Technique,bool,
poste_Manager,bool,
poste_Représentant Commercial,bool,
poste_Ressources Humaines,bool,
poste_Senior Manager,bool,
poste_Tech Lead,bool,
eval_number_E_10,bool,
eval_number_E_100,bool,
eval_number_E_1001,bool,
eval_number_E_1002,bool,
eval_number_E_1003,bool,
eval_number_E_1004,bool,
eval_number_E_1005,bool,
eval_number_E_1006,bool,
eval_number_E_1007,bool,
eval_number_E_1009,bool,
eval_number_E_101,bool,
eval_number_E_1010,bool,
eval_number_E_1011,bool,
eval_number_E_1012,bool,
eval_number_E_1013,bool,
eval_number_E_1014,bool,
eval_number_E_1015,bool,
eval_number_E_1016,bool,
eval_number_E_1017,bool,
eval_number_E_1018,bool,
eval_number_E_1019,bool,
eval_number_E_102,bool,
eval_number_E_1022,bool,
eval_number_E_1024,bool,
eval_number_E_1025,bool,
eval_number_E_1026,bool,
eval_number_E_1027,bool,
eval_number_E_1028,bool,
eval_number_E_1029,bool,
eval_number_E_103,bool,
eval_number_E_1030,bool,
eval_number_E_1032,bool,
eval_number_E_1033,bool,
eval_number_E_1034,bool,
eval_number_E_1035,bool,
eval_number_E_1036,bool,
eval_number_E_1037,bool,
eval_number_E_1038,bool,
eval_number_E_1039,bool,
eval_number_E_104,bool,
eval_number_E_1040,bool,
eval_number_E_1042,bool,
eval_number_E_1043,bool,
eval_number_E_1044,bool,
eval_number_E_1045,bool,
eval_number_E_1046,bool,
eval_number_E_1047,bool,
eval_number_E_1048,bool,
eval_number_E_1049,bool,
eval_number_E_105,bool,
eval_number_E_1050,bool,
eval_number_E_1052,bool,
eval_number_E_1053,bool,
eval_number_E_1055,bool,
eval_number_E_1056,bool,
eval_number_E_106,bool,
eval_number_E_1060,bool,
eval_number_E_1061,bool,
eval_number_E_1062,bool,
eval_number_E_1066,bool,
eval_number_E_1068,bool,
eval_number_E_1069,bool,
eval_number_E_107,bool,
eval_number_E_1070,bool,
eval_number_E_1071,bool,
eval_number_E_1073,bool,
eval_number_E_1074,bool,
eval_number_E_1076,bool,
eval_number_E_1077,bool,
eval_number_E_1079,bool,
eval_number_E_1080,bool,
eval_number_E_1081,bool,
eval_number_E_1082,bool,
eval_number_E_1083,bool,
eval_number_E_1084,bool,
eval_number_E_1085,bool,
eval_number_E_1088,bool,
eval_number_E_1092,bool,
eval_number_E_1094,bool,
eval_number_E_1096,bool,
eval_number_E_1097,bool,
eval_number_E_1098,bool,
eval_number_E_1099,bool,
eval_number_E_11,bool,
eval_number_E_110,bool,
eval_number_E_1100,bool,
eval_number_E_1101,bool,
eval_number_E_1102,bool,
eval_number_E_1103,bool,
eval_number_E_1105,bool,
eval_number_E_1106,bool,
eval_number_E_1107,bool,
eval_number_E_1108,bool,
eval_number_E_1109,bool,
eval_number_E_1111,bool,
eval_number_E_1113,bool,
eval_number_E_1114,bool,
eval_number_E_1115,bool,
eval_number_E_1116,bool,
eval_number_E_1117,bool,
eval_number_E_1118,bool,
eval_number_E_1119,bool,
eval_number_E_112,bool,
eval_number_E_1120,bool,
eval_number_E_1121,bool,
eval_number_E_1124,bool,
eval_number_E_1125,bool,
eval_number_E_1126,bool,
eval_number_E_1127,bool,
eval_number_E_1128,bool,
eval_number_E_113,bool,
eval_number_E_1131,bool,
eval_number_E_1132,bool,
eval_number_E_1133,bool,
eval_number_E_1135,bool,
eval_number_E_1136,bool,
eval_number_E_1137,bool,
eval_number_E_1138,bool,
eval_number_E_1140,bool,
eval_number_E_1143,bool,
eval_number_E_1148,bool,
eval_number_E_1150,bool,
eval_number_E_1152,bool,
eval_number_E_1154,bool,
eval_number_E_1156,bool,
eval_number_E_1157,bool,
eval_number_E_1158,bool,
eval_number_E_116,bool,
eval_number_E_1160,bool,
eval_number_E_1161,bool,
eval_number_E_1162,bool,
eval_number_E_1163,bool,
eval_number_E_1164,bool,
eval_number_E_1165,bool,
eval_number_E_1166,bool,
eval_number_E_1167,bool,
eval_number_E_117,bool,
eval_number_E_1171,bool,
eval_number_E_1172,bool,
eval_number_E_1173,bool,
eval_number_E_1175,bool,
eval_number_E_1177,bool,
eval_number_E_1179,bool,
eval_number_E_118,bool,
eval_number_E_1180,bool,
eval_number_E_1182,bool,
eval_number_E_1184,bool,
eval_number_E_1185,bool,
eval_number_E_1188,bool,
eval_number_E_119,bool,
eval_number_E_1190,bool,
eval_number_E_1191,bool,
eval_number_E_1192,bool,
eval_number_E_1193,bool,
eval_number_E_1195,bool,
eval_number_E_1196,bool,
eval_number_E_1198,bool,
eval_number_E_12,bool,
eval_number_E_120,bool,
eval_number_E_1200,bool,
eval_number_E_1201,bool,
eval_number_E_1202,bool,
eval_number_E_1203,bool,
eval_number_E_1204,bool,
eval_number_E_1206,bool,
eval_number_E_1207,bool,
eval_number_E_121,bool,
eval_number_E_1210,bool,
eval_number_E_1211,bool,
eval_number_E_1212,bool,
eval_number_E_1215,bool,
eval_number_E_1216,bool,
eval_number_E_1217,bool,
eval_number_E_1218,bool,
eval_number_E_1219,bool,
eval_number_E_1220,bool,
eval_number_E_1221,bool,
eval_number_E_1224,bool,
eval_number_E_1225,bool,
eval_number_E_1226,bool,
eval_number_E_1228,bool,
eval_number_E_1231,bool,
eval_number_E_1233,bool,
eval_number_E_1234,bool,
eval_number_E_1235,bool,
eval_number_E_1237,bool,
eval_number_E_1238,bool,
eval_number_E_1239,bool,
eval_number_E_124,bool,
eval_number_E_1240,bool,
eval_number_E_1241,bool,
eval_number_E_1242,bool,
eval_number_E_1243,bool,
eval_number_E_1244,bool,
eval_number_E_1245,bool,
eval_number_E_1246,bool,
eval_number_E_1248,bool,
eval_number_E_1249,bool,
eval_number_E_125,bool,
eval_number_E_1250,bool,
eval_number_E_1251,bool,
eval_number_E_1252,bool,
eval_number_E_1254,bool,
eval_number_E_1255,bool,
eval_number_E_1256,bool,
eval_number_E_1257,bool,
eval_number_E_1258,bool,
eval_number_E_1259,bool,
eval_number_E_126,bool,
eval_number_E_1260,bool,
eval_number_E_1263,bool,
eval_number_E_1264,bool,
eval_number_E_1265,bool,
eval_number_E_1267,bool,
eval_number_E_1268,bool,
eval_number_E_1269,bool,
eval_number_E_1270,bool,
eval_number_E_1273,bool,
eval_number_E_1275,bool,
eval_number_E_1277,bool,
eval_number_E_1278,bool,
eval_number_E_1279,bool,
eval_number_E_128,bool,
eval_number_E_1280,bool,
eval_number_E_1281,bool,
eval_number_E_1282,bool,
eval_number_E_1283,bool,
eval_number_E_1285,bool,
eval_number_E_1286,bool,
eval_number_E_1288,bool,
eval_number_E_1289,bool,
eval_number_E_129,bool,
eval_number_E_1291,bool,
eval_number_E_1292,bool,
eval_number_E_1293,bool,
eval_number_E_1294,bool,
eval_number_E_1295,bool,
eval_number_E_1296,bool,
eval_number_E_1297,bool,
eval_number_E_1298,bool,
eval_number_E_1299,bool,
eval_number_E_13,bool,
eval_number_E_1301,bool,
eval_number_E_1303,bool,
eval_number_E_1304,bool,
eval_number_E_1306,bool,
eval_number_E_1307,bool,
eval_number_E_1308,bool,
eval_number_E_1309,bool,
eval_number_E_131,bool,
eval_number_E_1310,bool,
eval_number_E_1311,bool,
eval_number_E_1312,bool,
eval_number_E_1314,bool,
eval_number_E_1315,bool,
eval_number_E_1317,bool,
eval_number_E_1318,bool,
eval_number_E_1319,bool,
eval_number_E_132,bool,
eval_number_E_1321,bool,
eval_number_E_1322,bool,
eval_number_E_1324,bool,
eval_number_E_1329,bool,
eval_number_E_133,bool,
eval_number_E_1331,bool,
eval_number_E_1333,bool,
eval_number_E_1334,bool,
eval_number_E_1336,bool,
eval_number_E_1338,bool,
eval_number_E_134,bool,
eval_number_E_1340,bool,
eval_number_E_1344,bool,
eval_number_E_1346,bool,
eval_number_E_1349,bool,
eval_number_E_1350,bool,
eval_number_E_1352,bool,
eval_number_E_1355,bool,
eval_number_E_1356,bool,
eval_number_E_1358,bool,
eval_number_E_1360,bool,
eval_number_E_1361,bool,
eval_number_E_1362,bool,
eval_number_E_1363,bool,
eval_number_E_1364,bool,
eval_number_E_1367,bool,
eval_number_E_1368,bool,
eval_number_E_1369,bool,
eval_number_E_137,bool,
eval_number_E_1371,bool,
eval_number_E_1372,bool,
eval_number_E_1373,bool,
eval_number_E_1374,bool,
eval_number_E_1375,bool,
eval_number_E_1377,bool,
eval_number_E_1379,bool,
eval_number_E_138,bool,
eval_number_E_1380,bool,
eval_number_E_1382,bool,
eval_number_E_1383,bool,
eval_number_E_1387,bool,
eval_number_E_1389,bool,
eval_number_E_139,bool,
eval_number_E_1390,bool,
eval_number_E_1391,bool,
eval_number_E_1392,bool,
eval_number_E_1394,bool,
eval_number_E_1395,bool,
eval_number_E_1396,bool,
eval_number_E_1397,bool,
eval_number_E_1399,bool,
eval_number_E_14,bool,
eval_number_E_140,bool,
eval_number_E_1401,bool,
eval_number_E_1402,bool,
eval_number_E_1403,bool,
eval_number_E_1405,bool,
eval_number_E_1407,bool,
eval_number_E_1408,bool,
eval_number_E_1409,bool,
eval_number_E_141,bool,
eval_number_E_1411,bool,
eval_number_E_1412,bool,
eval_number_E_1415,bool,
eval_number_E_1417,bool,
eval_number_E_1419,bool,
eval_number_E_142,bool,
eval_number_E_1420,bool,
eval_number_E_1421,bool,
eval_number_E_1422,bool,
eval_number_E_1423,bool,
eval_number_E_1424,bool,
eval_number_E_1425,bool,
eval_number_E_1427,bool,
eval_number_E_1428,bool,
eval_number_E_143,bool,
eval_number_E_1430,bool,
eval_number_E_1431,bool,
eval_number_E_1433,bool,
eval_number_E_1434,bool,
eval_number_E_1435,bool,
eval_number_E_1436,bool,
eval_number_E_1438,bool,
eval_number_E_1439,bool,
eval_number_E_144,bool,
eval_number_E_1440,bool,
eval_number_E_1441,bool,
eval_number_E_1443,bool,
eval_number_E_1445,bool,
eval_number_E_1446,bool,
eval_number_E_1447,bool,
eval_number_E_1448,bool,
eval_number_E_1449,bool,
eval_number_E_145,bool,
eval_number_E_1453,bool,
eval_number_E_1457,bool,
eval_number_E_1458,bool,
eval_number_E_1459,bool,
eval_number_E_1460,bool,
eval_number_E_1461,bool,
eval_number_E_1464,bool,
eval_number_E_1465,bool,
eval_number_E_1466,bool,
eval_number_E_1467,bool,
eval_number_E_1468,bool,
eval_number_E_1469,bool,
eval_number_E_147,bool,
eval_number_E_1471,bool,
eval_number_E_1472,bool,
eval_number_E_1473,bool,
eval_number_E_1474,bool,
eval_number_E_1475,bool,
eval_number_E_1477,bool,
eval_number_E_1478,bool,
eval_number_E_1479,bool,
eval_number_E_148,bool,
eval_number_E_1480,bool,
eval_number_E_1481,bool,
eval_number_E_1482,bool,
eval_number_E_1483,bool,
eval_number_E_1484,bool,
eval_number_E_1485,bool,
eval_number_E_1486,bool,
eval_number_E_1487,bool,
eval_number_E_1489,bool,
eval_number_E_1492,bool,
eval_number_E_1494,bool,
eval_number_E_1495,bool,
eval_number_E_1496,bool,
eval_number_E_1497,bool,
eval_number_E_1499,bool,
eval_number_E_15,bool,
eval_number_E_150,bool,
eval_number_E_1501,bool,
eval_number_E_1502,bool,
eval_number_E_1503,bool,
eval_number_E_1504,bool,
eval_number_E_1506,bool,
eval_number_E_1507,bool,
eval_number_E_1509,bool,
eval_number_E_151,bool,
eval_number_E_1513,bool,
eval_number_E_1514,bool,
eval_number_E_1515,bool,
eval_number_E_1516,bool,
eval_number_E_152,bool,
eval_number_E_1520,bool,
eval_number_E_1522,bool,
eval_number_E_1523,bool,
eval_number_E_1525,bool,
eval_number_E_1527,bool,
eval_number_E_1529,bool,
eval_number_E_153,bool,
eval_number_E_1533,bool,
eval_number_E_1534,bool,
eval_number_E_1535,bool,
eval_number_E_1537,bool,
eval_number_E_1539,bool,
eval_number_E_154,bool,
eval_number_E_1541,bool,
eval_number_E_1542,bool,
eval_number_E_1543,bool,
eval_number_E_1544,bool,
eval_number_E_1545,bool,
eval_number_E_1546,bool,
eval_number_E_1547,bool,
eval_number_E_1548,bool,
eval_number_E_1549,bool,
eval_number_E_155,bool,
eval_number_E_1550,bool,
eval_number_E_1551,bool,
eval_number_E_1552,bool,
eval_number_E_1553,bool,
eval_number_E_1554,bool,
eval_number_E_1555,bool,
eval_number_E_1556,bool,
eval_number_E_1557,bool,
eval_number_E_1558,bool,
eval_number_E_1560,bool,
eval_number_E_1562,bool,
eval_number_E_1563,bool,
eval_number_E_1564,bool,
eval_number_E_1568,bool,
eval_number_E_1569,bool,
eval_number_E_1572,bool,
eval_number_E_1573,bool,
eval_number_E_1574,bool,
eval_number_E_1576,bool,
eval_number_E_1577,bool,
eval_number_E_1578,bool,
eval_number_E_158,bool,
eval_number_E_1580,bool,
eval_number_E_1581,bool,
eval_number_E_1582,bool,
eval_number_E_1583,bool,
eval_number_E_1585,bool,
eval_number_E_1586,bool,
eval_number_E_1587,bool,
eval_number_E_1588,bool,
eval_number_E_159,bool,
eval_number_E_1590,bool,
eval_number_E_1591,bool,
eval_number_E_1592,bool,
eval_number_E_1594,bool,
eval_number_E_1595,bool,
eval_number_E_1596,bool,
eval_number_E_1597,bool,
eval_number_E_1598,bool,
eval_number_E_1599,bool,
eval_number_E_16,bool,
eval_number_E_160,bool,
eval_number_E_1601,bool,
eval_number_E_1602,bool,
eval_number_E_1604,bool,
eval_number_E_1605,bool,
eval_number_E_1606,bool,
eval_number_E_1607,bool,
eval_number_E_1608,bool,
eval_number_E_1609,bool,
eval_number_E_161,bool,
eval_number_E_1611,bool,
eval_number_E_1612,bool,
eval_number_E_1613,bool,
eval_number_E_1614,bool,
eval_number_E_1615,bool,
eval_number_E_1617,bool,
eval_number_E_1618,bool,
eval_number_E_1619,bool,
eval_number_E_162,bool,
eval_number_E_1621,bool,
eval_number_E_1622,bool,
eval_number_E_1623,bool,
eval_number_E_1624,bool,
eval_number_E_1625,bool,
eval_number_E_1627,bool,
eval_number_E_1628,bool,
eval_number_E_163,bool,
eval_number_E_1630,bool,
eval_number_E_1631,bool,
eval_number_E_1633,bool,
eval_number_E_1635,bool,
eval_number_E_1638,bool,
eval_number_E_1639,bool,
eval_number_E_164,bool,
eval_number_E_1640,bool,
eval_number_E_1641,bool,
eval_number_E_1642,bool,
eval_number_E_1644,bool,
eval_number_E_1645,bool,
eval_number_E_1646,bool,
eval_number_E_1647,bool,
eval_number_E_1648,bool,
eval_number_E_1649,bool,
eval_number_E_165,bool,
eval_number_E_1650,bool,
eval_number_E_1651,bool,
eval_number_E_1653,bool,
eval_number_E_1654,bool,
eval_number_E_1655,bool,
eval_number_E_1656,bool,
eval_number_E_1657,bool,
eval_number_E_1658,bool,
eval_number_E_1659,bool,
eval_number_E_1661,bool,
eval_number_E_1662,bool,
eval_number_E_1664,bool,
eval_number_E_1665,bool,
eval_number_E_1666,bool,
eval_number_E_1667,bool,
eval_number_E_1668,bool,
eval_number_E_1669,bool,
eval_number_E_167,bool,
eval_number_E_1670,bool,
eval_number_E_1671,bool,
eval_number_E_1673,bool,
eval_number_E_1674,bool,
eval_number_E_1675,bool,
eval_number_E_1676,bool,
eval_number_E_1677,bool,
eval_number_E_1678,bool,
eval_number_E_1680,bool,
eval_number_E_1681,bool,
eval_number_E_1682,bool,
eval_number_E_1683,bool,
eval_number_E_1684,bool,
eval_number_E_1687,bool,
eval_number_E_1689,bool,
eval_number_E_169,bool,
eval_number_E_1691,bool,
eval_number_E_1692,bool,
eval_number_E_1693,bool,
eval_number_E_1694,bool,
eval_number_E_1696,bool,
eval_number_E_1697,bool,
eval_number_E_1698,bool,
eval_number_E_170,bool,
eval_number_E_1700,bool,
eval_number_E_1701,bool,
eval_number_E_1702,bool,
eval_number_E_1703,bool,
eval_number_E_1704,bool,
eval_number_E_1706,bool,
eval_number_E_1707,bool,
eval_number_E_1708,bool,
eval_number_E_1709,bool,
eval_number_E_171,bool,
eval_number_E_1710,bool,
eval_number_E_1712,bool,
eval_number_E_1714,bool,
eval_number_E_1716,bool,
eval_number_E_1718,bool,
eval_number_E_1719,bool,
eval_number_E_1720,bool,
eval_number_E_1721,bool,
eval_number_E_1722,bool,
eval_number_E_1724,bool,
eval_number_E_1725,bool,
eval_number_E_1727,bool,
eval_number_E_1728,bool,
eval_number_E_1729,bool,
eval_number_E_1731,bool,
eval_number_E_1732,bool,
eval_number_E_1733,bool,
eval_number_E_1734,bool,
eval_number_E_1735,bool,
eval_number_E_1736,bool,
eval_number_E_1737,bool,
eval_number_E_1739,bool,
eval_number_E_174,bool,
eval_number_E_1740,bool,
eval_number_E_1744,bool,
eval_number_E_1745,bool,
eval_number_E_1746,bool,
eval_number_E_1747,bool,
eval_number_E_1749,bool,
eval_number_E_175,bool,
eval_number_E_1751,bool,
eval_number_E_1752,bool,
eval_number_E_1753,bool,
eval_number_E_1754,bool,
eval_number_E_1755,bool,
eval_number_E_1756,bool,
eval_number_E_1757,bool,
eval_number_E_1758,bool,
eval_number_E_176,bool,
eval_number_E_1760,bool,
eval_number_E_1761,bool,
eval_number_E_1762,bool,
eval_number_E_1763,bool,
eval_number_E_1764,bool,
eval_number_E_1766,bool,
eval_number_E_1767,bool,
eval_number_E_1768,bool,
eval_number_E_177,bool,
eval_number_E_1770,bool,
eval_number_E_1771,bool,
eval_number_E_1772,bool,
eval_number_E_1774,bool,
eval_number_E_1775,bool,
eval_number_E_1778,bool,
eval_number_E_1779,bool,
eval_number_E_178,bool,
eval_number_E_1780,bool,
eval_number_E_1782,bool,
eval_number_E_1783,bool,
eval_number_E_1784,bool,
eval_number_E_1786,bool,
eval_number_E_1787,bool,
eval_number_E_1789,bool,
eval_number_E_179,bool,
eval_number_E_1790,bool,
eval_number_E_1792,bool,
eval_number_E_1794,bool,
eval_number_E_1797,bool,
eval_number_E_1798,bool,
eval_number_E_1799,bool,
eval_number_E_18,bool,
eval_number_E_1800,bool,
eval_number_E_1801,bool,
eval_number_E_1802,bool,
eval_number_E_1803,bool,
eval_number_E_1804,bool,
eval_number_E_1805,bool,
eval_number_E_1807,bool,
eval_number_E_1809,bool,
eval_number_E_1812,bool,
eval_number_E_1813,bool,
eval_number_E_1814,bool,
eval_number_E_1815,bool,
eval_number_E_1816,bool,
eval_number_E_1818,bool,
eval_number_E_182,bool,
eval_number_E_1821,bool,
eval_number_E_1822,bool,
eval_number_E_1823,bool,
eval_number_E_1824,bool,
eval_number_E_1826,bool,
eval_number_E_1827,bool,
eval_number_E_1829,bool,
eval_number_E_183,bool,
eval_number_E_1830,bool,
eval_number_E_1833,bool,
eval_number_E_1834,bool,
eval_number_E_1835,bool,
eval_number_E_1836,bool,
eval_number_E_1837,bool,
eval_number_E_1839,bool,
eval_number_E_184,bool,
eval_number_E_1842,bool,
eval_number_E_1844,bool,
eval_number_E_1845,bool,
eval_number_E_1847,bool,
eval_number_E_1849,bool,
eval_number_E_1850,bool,
eval_number_E_1852,bool,
eval_number_E_1853,bool,
eval_number_E_1854,bool,
eval_number_E_1856,bool,
eval_number_E_1857,bool,
eval_number_E_1858,bool,
eval_number_E_1859,bool,
eval_number_E_1860,bool,
eval_number_E_1862,bool,
eval_number_E_1863,bool,
eval_number_E_1864,bool,
eval_number_E_1865,bool,
eval_number_E_1866,bool,
eval_number_E_1867,bool,
eval_number_E_1868,bool,
eval_number_E_1869,bool,
eval_number_E_1870,bool,
eval_number_E_1871,bool,
eval_number_E_1873,bool,
eval_number_E_1875,bool,
eval_number_E_1876,bool,
eval_number_E_1878,bool,
eval_number_E_1880,bool,
eval_number_E_1881,bool,
eval_number_E_1882,bool,
eval_number_E_1883,bool,
eval_number_E_1885,bool,
eval_number_E_1886,bool,
eval_number_E_1888,bool,
eval_number_E_1890,bool,
eval_number_E_1892,bool,
eval_number_E_1893,bool,
eval_number_E_1898,bool,
eval_number_E_19,bool,
eval_number_E_190,bool,
eval_number_E_1900,bool,
eval_number_E_1903,bool,
eval_number_E_1905,bool,
eval_number_E_1907,bool,
eval_number_E_1908,bool,
eval_number_E_1909,bool,
eval_number_E_1911,bool,
eval_number_E_1912,bool,
eval_number_E_1915,bool,
eval_number_E_1916,bool,
eval_number_E_1918,bool,
eval_number_E_192,bool,
eval_number_E_1922,bool,
eval_number_E_1924,bool,
eval_number_E_1927,bool,
eval_number_E_1928,bool,
eval_number_E_1929,bool,
eval_number_E_193,bool,
eval_number_E_1931,bool,
eval_number_E_1932,bool,
eval_number_E_1933,bool,
eval_number_E_1934,bool,
eval_number_E_1935,bool,
eval_number_E_1936,bool,
eval_number_E_1937,bool,
eval_number_E_1938,bool,
eval_number_E_1939,bool,
eval_number_E_194,bool,
eval_number_E_1940,bool,
eval_number_E_1941,bool,
eval_number_E_1943,bool,
eval_number_E_1944,bool,
eval_number_E_1945,bool,
eval_number_E_1947,bool,
eval_number_E_1948,bool,
eval_number_E_1949,bool,
eval_number_E_195,bool,
eval_number_E_1950,bool,
eval_number_E_1951,bool,
eval_number_E_1952,bool,
eval_number_E_1954,bool,
eval_number_E_1955,bool,
eval_number_E_1956,bool,
eval_number_E_1960,bool,
eval_number_E_1961,bool,
eval_number_E_1962,bool,
eval_number_E_1965,bool,
eval_number_E_1966,bool,
eval_number_E_1967,bool,
eval_number_E_1968,bool,
eval_number_E_1969,bool,
eval_number_E_197,bool,
eval_number_E_1970,bool,
eval_number_E_1971,bool,
eval_number_E_1972,bool,
eval_number_E_1973,bool,
eval_number_E_1974,bool,
eval_number_E_1975,bool,
eval_number_E_1976,bool,
eval_number_E_1979,bool,
eval_number_E_198,bool,
eval_number_E_1980,bool,
eval_number_E_1981,bool,
eval_number_E_1982,bool,
eval_number_E_1985,bool,
eval_number_E_1986,bool,
eval_number_E_1987,bool,
eval_number_E_1989,bool,
eval_number_E_199,bool,
eval_number_E_1992,bool,
eval_number_E_1993,bool,
eval_number_E_1994,bool,
eval_number_E_1995,bool,
eval_number_E_1996,bool,
eval_number_E_1997,bool,
eval_number_E_1998,bool,
eval_number_E_1999,bool,
eval_number_E_2,bool,
eval_number_E_20,bool,
eval_number_E_200,bool,
eval_number_E_2000,bool,
eval_number_E_2003,bool,
eval_number_E_2007,bool,
eval_number_E_2008,bool,
eval_number_E_2009,bool,
eval_number_E_201,bool,
eval_number_E_2010,bool,
eval_number_E_2012,bool,
eval_number_E_2013,bool,
eval_number_E_2014,bool,
eval_number_E_2015,bool,
eval_number_E_2016,bool,
eval_number_E_2017,bool,
eval_number_E_2018,bool,
eval_number_E_2019,bool,
eval_number_E_202,bool,
eval_number_E_2020,bool,
eval_number_E_2021,bool,
eval_number_E_2022,bool,
eval_number_E_2023,bool,
eval_number_E_2024,bool,
eval_number_E_2025,bool,
eval_number_E_2026,bool,
eval_number_E_2027,bool,
eval_number_E_2031,bool,
eval_number_E_2032,bool,
eval_number_E_2034,bool,
eval_number_E_2035,bool,
eval_number_E_2036,bool,
eval_number_E_2037,bool,
eval_number_E_2038,bool,
eval_number_E_204,bool,
eval_number_E_2040,bool,
eval_number_E_2041,bool,
eval_number_E_2044,bool,
eval_number_E_2045,bool,
eval_number_E_2046,bool,
eval_number_E_2048,bool,
eval_number_E_2049,bool,
eval_number_E_205,bool,
eval_number_E_2051,bool,
eval_number_E_2052,bool,
eval_number_E_2053,bool,
eval_number_E_2054,bool,
eval_number_E_2055,bool,
eval_number_E_2056,bool,
eval_number_E_2057,bool,
eval_number_E_206,bool,
eval_number_E_2060,bool,
eval_number_E_2061,bool,
eval_number_E_2062,bool,
eval_number_E_2064,bool,
eval_number_E_2065,bool,
eval_number_E_2068,bool,
eval_number_E_207,bool,
eval_number_E_208,bool,
eval_number_E_21,bool,
eval_number_E_211,bool,
eval_number_E_214,bool,
eval_number_E_215,bool,
eval_number_E_216,bool,
eval_number_E_217,bool,
eval_number_E_218,bool,
eval_number_E_22,bool,
eval_number_E_221,bool,
eval_number_E_223,bool,
eval_number_E_224,bool,
eval_number_E_226,bool,
eval_number_E_227,bool,
eval_number_E_228,bool,
eval_number_E_23,bool,
eval_number_E_230,bool,
eval_number_E_231,bool,
eval_number_E_233,bool,
eval_number_E_235,bool,
eval_number_E_238,bool,
eval_number_E_239,bool,
eval_number_E_24,bool,
eval_number_E_240,bool,
eval_number_E_241,bool,
eval_number_E_242,bool,
eval_number_E_243,bool,
eval_number_E_244,bool,
eval_number_E_245,bool,
eval_number_E_246,bool,
eval_number_E_247,bool,
eval_number_E_248,bool,
eval_number_E_249,bool,
eval_number_E_250,bool,
eval_number_E_252,bool,
eval_number_E_253,bool,
eval_number_E_254,bool,
eval_number_E_256,bool,
eval_number_E_258,bool,
eval_number_E_259,bool,
eval_number_E_26,bool,
eval_number_E_260,bool,
eval_number_E_261,bool,
eval_number_E_262,bool,
eval_number_E_264,bool,
eval_number_E_267,bool,
eval_number_E_269,bool,
eval_number_E_27,bool,
eval_number_E_270,bool,
eval_number_E_271,bool,
eval_number_E_273,bool,
eval_number_E_274,bool,
eval_number_E_275,bool,
eval_number_E_277,bool,
eval_number_E_28,bool,
eval_number_E_281,bool,
eval_number_E_282,bool,
eval_number_E_283,bool,
eval_number_E_284,bool,
eval_number_E_286,bool,
eval_number_E_287,bool,
eval_number_E_288,bool,
eval_number_E_291,bool,
eval_number_E_292,bool,
eval_number_E_293,bool,
eval_number_E_296,bool,
eval_number_E_297,bool,
eval_number_E_298,bool,
eval_number_E_299,bool,
eval_number_E_30,bool,
eval_number_E_300,bool,
eval_number_E_302,bool,
eval_number_E_303,bool,
eval_number_E_304,bool,
eval_number_E_305,bool,
eval_number_E_306,bool,
eval_number_E_307,bool,
eval_number_E_308,bool,
eval_number_E_309,bool,
eval_number_E_31,bool,
eval_number_E_311,bool,
eval_number_E_312,bool,
eval_number_E_314,bool,
eval_number_E_315,bool,
eval_number_E_316,bool,
eval_number_E_319,bool,
eval_number_E_32,bool,
eval_number_E_321,bool,
eval_number_E_323,bool,
eval_number_E_325,bool,
eval_number_E_327,bool,
eval_number_E_328,bool,
eval_number_E_329,bool,
eval_number_E_33,bool,
eval_number_E_330,bool,
eval_number_E_331,bool,
eval_number_E_332,bool,
eval_number_E_333,bool,
eval_number_E_334,bool,
eval_number_E_335,bool,
eval_number_E_336,bool,
eval_number_E_337,bool,
eval_number_E_338,bool,
eval_number_E_339,bool,
eval_number_E_340,bool,
eval_number_E_341,bool,
eval_number_E_342,bool,
eval_number_E_343,bool,
eval_number_E_346,bool,
eval_number_E_347,bool,
eval_number_E_349,bool,
eval_number_E_35,bool,
eval_number_E_350,bool,
eval_number_E_351,bool,
eval_number_E_352,bool,
eval_number_E_353,bool,
eval_number_E_355,bool,
eval_number_E_359,bool,
eval_number_E_36,bool,
eval_number_E_361,bool,
eval_number_E_362,bool,
eval_number_E_363,bool,
eval_number_E_364,bool,
eval_number_E_366,bool,
eval_number_E_367,bool,
eval_number_E_369,bool,
eval_number_E_372,bool,
eval_number_E_373,bool,
eval_number_E_374,bool,
eval_number_E_376,bool,
eval_number_E_377,bool,
eval_number_E_378,bool,
eval_number_E_379,bool,
eval_number_E_38,bool,
eval_number_E_380,bool,
eval_number_E_381,bool,
eval_number_E_382,bool,
eval_number_E_384,bool,
eval_number_E_385,bool,
eval_number_E_386,bool,
eval_number_E_387,bool,
eval_number_E_388,bool,
eval_number_E_389,bool,
eval_number_E_39,bool,
eval_number_E_390,bool,
eval_number_E_391,bool,
eval_number_E_392,bool,
eval_number_E_393,bool,
eval_number_E_394,bool,
eval_number_E_395,bool,
eval_number_E_396,bool,
eval_number_E_397,bool,
eval_number_E_399,bool,
eval_number_E_4,bool,
eval_number_E_40,bool,
eval_number_E_401,bool,
eval_number_E_403,bool,
eval_number_E_404,bool,
eval_number_E_405,bool,
eval_number_E_406,bool,
eval_number_E_407,bool,
eval_number_E_408,bool,
eval_number_E_41,bool,
eval_number_E_410,bool,
eval_number_E_411,bool,
eval_number_E_412,bool,
eval_number_E_416,bool,
eval_number_E_417,bool,
eval_number_E_419,bool,
eval_number_E_42,bool,
eval_number_E_420,bool,
eval_number_E_421,bool,
eval_number_E_422,bool,
eval_number_E_423,bool,
eval_number_E_424,bool,
eval_number_E_425,bool,
eval_number_E_426,bool,
eval_number_E_428,bool,
eval_number_E_429,bool,
eval_number_E_430,bool,
eval_number_E_431,bool,
eval_number_E_433,bool,
eval_number_E_434,bool,
eval_number_E_436,bool,
eval_number_E_437,bool,
eval_number_E_438,bool,
eval_number_E_439,bool,
eval_number_E_440,bool,
eval_number_E_441,bool,
eval_number_E_442,bool,
eval_number_E_444,bool,
eval_number_E_445,bool,
eval_number_E_446,bool,
eval_number_E_447,bool,
eval_number_E_448,bool,
eval_number_E_449,bool,
eval_number_E_45,bool,
eval_number_E_450,bool,
eval_number_E_451,bool,
eval_number_E_452,bool,
eval_number_E_453,bool,
eval_number_E_454,bool,
eval_number_E_455,bool,
eval_number_E_456,bool,
eval_number_E_458,bool,
eval_number_E_46,bool,
eval_number_E_460,bool,
eval_number_E_461,bool,
eval_number_E_462,bool,
eval_number_E_463,bool,
eval_number_E_464,bool,
eval_number_E_465,bool,
eval_number_E_466,bool,
eval_number_E_467,bool,
eval_number_E_468,bool,
eval_number_E_469,bool,
eval_number_E_47,bool,
eval_number_E_470,bool,
eval_number_E_471,bool,
eval_number_E_473,bool,
eval_number_E_474,bool,
eval_number_E_475,bool,
eval_number_E_476,bool,
eval_number_E_477,bool,
eval_number_E_478,bool,
eval_number_E_479,bool,
eval_number_E_481,bool,
eval_number_E_482,bool,
eval_number_E_483,bool,
eval_number_E_484,bool,
eval_number_E_485,bool,
eval_number_E_486,bool,
eval_number_E_487,bool,
eval_number_E_488,bool,
eval_number_E_49,bool,
eval_number_E_491,bool,
eval_number_E_492,bool,
eval_number_E_493,bool,
eval_number_E_494,bool,
eval_number_E_495,bool,
eval_number_E_496,bool,
eval_number_E_497,bool,
eval_number_E_498,bool,
eval_number_E_499,bool,
eval_number_E_5,bool,
eval_number_E_500,bool,
eval_number_E_501,bool,
eval_number_E_502,bool,
eval_number_E_505,bool,
eval_number_E_507,bool,
eval_number_E_508,bool,
eval_number_E_51,bool,
eval_number_E_510,bool,
eval_number_E_511,bool,
eval_number_E_513,bool,
eval_number_E_514,bool,
eval_number_E_515,bool,
eval_number_E_516,bool,
eval_number_E_517,bool,
eval_number_E_518,bool,
eval_number_E_52,bool,
eval_number_E_520,bool,
eval_number_E_521,bool,
eval_number_E_522,bool,
eval_number_E_523,bool,
eval_number_E_524,bool,
eval_number_E_525,bool,
eval_number_E_526,bool,
eval_number_E_527,bool,
eval_number_E_529,bool,
eval_number_E_53,bool,
eval_number_E_530,bool,
eval_number_E_531,bool,
eval_number_E_532,bool,
eval_number_E_533,bool,
eval_number_E_534,bool,
eval_number_E_536,bool,
eval_number_E_538,bool,
eval_number_E_54,bool,
eval_number_E_543,bool,
eval_number_E_544,bool,
eval_number_E_546,bool,
eval_number_E_547,bool,
eval_number_E_548,bool,
eval_number_E_549,bool,
eval_number_E_55,bool,
eval_number_E_550,bool,
eval_number_E_551,bool,
eval_number_E_554,bool,
eval_number_E_555,bool,
eval_number_E_556,bool,
eval_number_E_558,bool,
eval_number_E_56,bool,
eval_number_E_560,bool,
eval_number_E_562,bool,
eval_number_E_564,bool,
eval_number_E_565,bool,
eval_number_E_566,bool,
eval_number_E_567,bool,
eval_number_E_568,bool,
eval_number_E_569,bool,
eval_number_E_57,bool,
eval_number_E_571,bool,
eval_number_E_573,bool,
eval_number_E_574,bool,
eval_number_E_575,bool,
eval_number_E_577,bool,
eval_number_E_578,bool,
eval_number_E_579,bool,
eval_number_E_58,bool,
eval_number_E_580,bool,
eval_number_E_581,bool,
eval_number_E_582,bool,
eval_number_E_584,bool,
eval_number_E_585,bool,
eval_number_E_586,bool,
eval_number_E_587,bool,
eval_number_E_590,bool,
eval_number_E_591,bool,
eval_number_E_592,bool,
eval_number_E_593,bool,
eval_number_E_595,bool,
eval_number_E_597,bool,
eval_number_E_599,bool,
eval_number_E_60,bool,
eval_number_E_600,bool,
eval_number_E_601,bool,
eval_number_E_602,bool,
eval_number_E_604,bool,
eval_number_E_605,bool,
eval_number_E_606,bool,
eval_number_E_608,bool,
eval_number_E_61,bool,
eval_number_E_611,bool,
eval_number_E_612,bool,
eval_number_E_613,bool,
eval_number_E_614,bool,
eval_number_E_615,bool,
eval_number_E_616,bool,
eval_number_E_618,bool,
eval_number_E_62,bool,
eval_number_E_620,bool,
eval_number_E_621,bool,
eval_number_E_622,bool,
eval_number_E_623,bool,
eval_number_E_624,bool,
eval_number_E_625,bool,
eval_number_E_626,bool,
eval_number_E_63,bool,
eval_number_E_630,bool,
eval_number_E_631,bool,
eval_number_E_632,bool,
eval_number_E_634,bool,
eval_number_E_635,bool,
eval_number_E_638,bool,
eval_number_E_639,bool,
eval_number_E_64,bool,
eval_number_E_641,bool,
eval_number_E_643,bool,
eval_number_E_644,bool,
eval_number_E_645,bool,
eval_number_E_647,bool,
eval_number_E_648,bool,
eval_number_E_649,bool,
eval_number_E_65,bool,
eval_number_E_650,bool,
eval_number_E_652,bool,
eval_number_E_653,bool,
eval_number_E_655,bool,
eval_number_E_656,bool,
eval_number_E_657,bool,
eval_number_E_659,bool,
eval_number_E_661,bool,
eval_number_E_662,bool,
eval_number_E_663,bool,
eval_number_E_664,bool,
eval_number_E_665,bool,
eval_number_E_666,bool,
eval_number_E_667,bool,
eval_number_E_669,bool,
eval_number_E_671,bool,
eval_number_E_675,bool,
eval_number_E_677,bool,
eval_number_E_679,bool,
eval_number_E_68,bool,
eval_number_E_680,bool,
eval_number_E_682,bool,
eval_number_E_683,bool,
eval_number_E_684,bool,
eval_number_E_686,bool,
eval_number_E_689,bool,
eval_number_E_690,bool,
eval_number_E_691,bool,
eval_number_E_692,bool,
eval_number_E_698,bool,
eval_number_E_699,bool,
eval_number_E_7,bool,
eval_number_E_70,bool,
eval_number_E_700,bool,
eval_number_E_701,bool,
eval_number_E_702,bool,
eval_number_E_704,bool,
eval_number_E_705,bool,
eval_number_E_707,bool,
eval_number_E_709,bool,
eval_number_E_710,bool,
eval_number_E_712,bool,
eval_number_E_714,bool,
eval_number_E_715,bool,
eval_number_E_716,bool,
eval_number_E_717,bool,
eval_number_E_72,bool,
eval_number_E_720,bool,
eval_number_E_721,bool,
eval_number_E_722,bool,
eval_number_E_723,bool,
eval_number_E_724,bool,
eval_number_E_725,bool,
eval_number_E_727,bool,
eval_number_E_728,bool,
eval_number_E_729,bool,
eval_number_E_73,bool,
eval_number_E_730,bool,
eval_number_E_731,bool,
eval_number_E_732,bool,
eval_number_E_733,bool,
eval_number_E_734,bool,
eval_number_E_738,bool,
eval_number_E_74,bool,
eval_number_E_741,bool,
eval_number_E_742,bool,
eval_number_E_743,bool,
eval_number_E_744,bool,
eval_number_E_746,bool,
eval_number_E_747,bool,
eval_number_E_749,bool,
eval_number_E_75,bool,
eval_number_E_752,bool,
eval_number_E_754,bool,
eval_number_E_757,bool,
eval_number_E_758,bool,
eval_number_E_76,bool,
eval_number_E_760,bool,
eval_number_E_762,bool,
eval_number_E_763,bool,
eval_number_E_764,bool,
eval_number_E_766,bool,
eval_number_E_769,bool,
eval_number_E_77,bool,
eval_number_E_771,bool,
eval_number_E_772,bool,
eval_number_E_773,bool,
eval_number_E_775,bool,
eval_number_E_776,bool,
eval_number_E_78,bool,
eval_number_E_780,bool,
eval_number_E_781,bool,
eval_number_E_783,bool,
eval_number_E_784,bool,
eval_number_E_785,bool,
eval_number_E_786,bool,
eval_number_E_787,bool,
eval_number_E_789,bool,
eval_number_E_79,bool,
eval_number_E_791,bool,
eval_number_E_792,bool,
eval_number_E_793,bool,
eval_number_E_796,bool,
eval_number_E_797,bool,
eval_number_E_799,bool,
eval_number_E_8,bool,
eval_number_E_80,bool,
eval_number_E_800,bool,
eval_number_E_802,bool,
eval_number_E_803,bool,
eval_number_E_804,bool,
eval_number_E_805,bool,
eval_number_E_806,bool,
eval_number_E_807,bool,
eval_number_E_808,bool,
eval_number_E_809,bool,
eval_number_E_81,bool,
eval_number_E_811,bool,
eval_number_E_812,bool,
eval_number_E_813,bool,
eval_number_E_815,bool,
eval_number_E_816,bool,
eval_number_E_817,bool,
eval_number_E_819,bool,
eval_number_E_820,bool,
eval_number_E_823,bool,
eval_number_E_824,bool,
eval_number_E_825,bool,
eval_number_E_826,bool,
eval_number_E_827,bool,
eval_number_E_828,bool,
eval_number_E_829,bool,
eval_number_E_83,bool,
eval_number_E_830,bool,
eval_number_E_832,bool,
eval_number_E_833,bool,
eval_number_E_834,bool,
eval_number_E_836,bool,
eval_number_E_837,bool,
eval_number_E_838,bool,
eval_number_E_84,bool,
eval_number_E_840,bool,
eval_number_E_842,bool,
eval_number_E_843,bool,
eval_number_E_844,bool,
eval_number_E_845,bool,
eval_number_E_846,bool,
eval_number_E_847,bool,
eval_number_E_848,bool,
eval_number_E_85,bool,
eval_number_E_850,bool,
eval_number_E_851,bool,
eval_number_E_852,bool,
eval_number_E_854,bool,
eval_number_E_855,bool,
eval_number_E_856,bool,
eval_number_E_857,bool,
eval_number_E_859,bool,
eval_number_E_86,bool,
eval_number_E_861,bool,
eval_number_E_862,bool,
eval_number_E_864,bool,
eval_number_E_865,bool,
eval_number_E_867,bool,
eval_number_E_868,bool,
eval_number_E_869,bool,
eval_number_E_872,bool,
eval_number_E_874,bool,
eval_number_E_875,bool,
eval_number_E_878,bool,
eval_number_E_879,bool,
eval_number_E_88,bool,
eval_number_E_880,bool,
eval_number_E_881,bool,
eval_number_E_882,bool,
eval_number_E_885,bool,
eval_number_E_887,bool,
eval_number_E_888,bool,
eval_number_E_889,bool,
eval_number_E_893,bool,
eval_number_E_894,bool,
eval_number_E_895,bool,
eval_number_E_896,bool,
eval_number_E_897,bool,
eval_number_E_899,bool,
eval_number_E_90,bool,
eval_number_E_900,bool,
eval_number_E_901,bool,
eval_number_E_902,bool,
eval_number_E_903,bool,
eval_number_E_904,bool,
eval_number_E_905,bool,
eval_number_E_909,bool,
eval_number_E_91,bool,
eval_number_E_910,bool,
eval_number_E_911,bool,
eval_number_E_912,bool,
eval_number_E_913,bool,
eval_number_E_916,bool,
eval_number_E_918,bool,
eval_number_E_920,bool,
eval_number_E_922,bool,
eval_number_E_923,bool,
eval_number_E_924,bool,
eval_number_E_925,bool,
eval_number_E_926,bool,
eval_number_E_927,bool,
eval_number_E_930,bool,
eval_number_E_932,bool,
eval_number_E_933,bool,
eval_number_E_934,bool,
eval_number_E_936,bool,
eval_number_E_939,bool,
eval_number_E_94,bool,
eval_number_E_940,bool,
eval_number_E_941,bool,
eval_number_E_942,bool,
eval_number_E_944,bool,
eval_number_E_945,bool,
eval_number_E_947,bool,
eval_number_E_949,bool,
eval_number_E_95,bool,
eval_number_E_950,bool,
eval_number_E_951,bool,
eval_number_E_952,bool,
eval_number_E_954,bool,
eval_number_E_956,bool,
eval_number_E_957,bool,
eval_number_E_958,bool,
eval_number_E_959,bool,
eval_number_E_96,bool,
eval_number_E_960,bool,
eval_number_E_961,bool,
eval_number_E_964,bool,
eval_number_E_966,bool,
eval_number_E_967,bool,
eval_number_E_969,bool,
eval_number_E_97,bool,
eval_number_E_970,bool,
eval_number_E_972,bool,
eval_number_E_974,bool,
eval_number_E_975,bool,
eval_number_E_976,bool,
eval_number_E_977,bool,
eval_number_E_98,bool,
eval_number_E_981,bool,
eval_number_E_982,bool,
eval_number_E_983,bool,
eval_number_E_984,bool,
eval_number_E_985,bool,
eval_number_E_986,bool,
eval_number_E_987,bool,
eval_number_E_990,bool,
eval_number_E_991,bool,
eval_number_E_992,bool,
eval_number_E_994,bool,
eval_number_E_995,bool,
eval_number_E_996,bool,
eval_number_E_997,bool,
eval_number_E_998,bool,
eval_number_E_999,bool,
heure_supplementaires_Oui,bool,
augementation_salaire_precedente_12 %,bool,
augementation_salaire_precedente_13 %,bool,
augementation_salaire_precedente_14 %,bool,
augementation_salaire_precedente_15 %,bool,
augementation_salaire_precedente_16 %,bool,
augementation_salaire_precedente_17 %,bool,
augementation_salaire_precedente_18 %,bool,
augementation_salaire_precedente_19 %,bool,
augementation_salaire_precedente_20 %,bool,
augementation_salaire_precedente_21 %,bool,
augementation_salaire_precedente_22 %,bool,
augementation_salaire_precedente_23 %,bool,
augementation_salaire_precedente_24 %,bool,
augementation_salaire_precedente_25 %,bool,
domaine_etude_Entrepreunariat,bool,
domaine_etude_Infra & Cloud,bool,
domaine_etude_Marketing,bool,
domaine_etude_Ressources Humaines,bool,
domaine_etude_Transformation Digitale,bool,
frequence_deplacement_Frequent,bool,
frequence_deplacement_Occasionnel,bool,
age_group_30-40,bool,
age_group_40-50,bool,
age_group_50+,bool,
career_stage_Mid,bool,
career_stage_Senior,bool,
career_stage_Expert,bool,
salary_quartile_Q2,bool,
salary_quartile_Q3,bool,
salary_quartile_Q4,bool,
tenure_group_Early,bool,
tenure_group_Mid,bool,
tenure_group_Long,bool,
